country_id,region_id,population
1,272,1241185
1,273,656495
1,274,970010
1,275,1312520
1,276,509567
1,277,630514
1,278,1202486
1,279,856963
1,280,829953
1,281,1010006
1,282,2410845
1,283,516805
1,284,4830980
1,285,1458557
1,286,474686
1,287,825140
1,288,518506
1,289,899212
1,290,529683
1,291,454562
1,292,1779822
1,293,166003
1,294,174312
1,295,473240
1,296,625963
1,297,674991
1,298,432292
1,299,608787
1,300,1172770
1,301,386536
1,302,723865
1,303,330648
1,99878,487998
1,99879,158803
1,900483,1241239
1,900484,656515
1,900485,970010
1,900486,1312279
1,900487,509307
1,900488,510317
1,900489,630639
1,900490,1202493
1,900491,858028
1,900492,829201
1,900493,1010827
1,900494,2410235
1,900495,516816
1,900496,4830980
1,900497,1433916
1,900498,474686
1,900499,825815
1,900500,518133
1,900501,899235
1,900502,529683
1,900503,454562
1,900504,1780037
1,900505,166107
1,900506,174276
1,900507,473418
1,900508,625837
1,900509,158803
1,900510,674991
1,900511,432292
1,900512,608787
1,900513,1172383
1,900514,387598
1,900515,723865
1,900516,330654
2,304,6394
3,305,79365
3,306,24433
3,307,13926
3,308,23827
3,309,46460
3,310,216827
3,311,164509
3,312,141908
3,313,30095
3,314,18166
3,315,16429
3,316,50157
3,317,7985
3,318,105772
3,319,57394
3,320,21044
3,321,39634
3,322,40245
3,323,64403
3,324,45833
3,325,97431
3,326,27155
3,327,17442
3,328,33466
3,329,14939
3,330,20798
3,331,11494
3,332,55754
3,333,11254
3,334,42996
3,335,154105
3,336,10028
3,337,12956
3,338,945274
3,339,17411
3,340,112879
4,341,546381
4,342,923038
4,343,433014
4,344,4279872
4,345,817116
4,346,1497023
4,347,336555
4,348,988261
4,349,1007454
4,350,1433086
4,351,745206
4,352,798676
4,353,1059773
4,354,1206212
4,355,1250228
4,356,1680075
4,357,340414
4,358,881040
4,359,483956
4,360,462493
4,361,564021
4,362,88579
4,363,715202
4,364,474473
4,365,741796
4,366,948806
4,367,885316
4,368,898782
4,369,874195
4,370,1297879
4,371,350796
4,372,2156196
4,373,781806
4,374,780703
4,375,855713
4,376,412013
4,377,1766096
4,378,722376
4,379,1057647
4,380,561396
4,381,245398
4,382,800350
4,383,100079
4,384,1152302
4,385,696734
4,386,649817
4,387,1154903
4,388,1101997
5,389,51262
7,391,26384
7,392,9464
7,393,21381
7,394,21805
7,395,14039
7,396,8110
7,397,10335
8,398,649467
8,399,1973503
8,400,1078887
8,401,1378871
8,402,422421
8,403,1892312
8,404,1247671
8,405,1684331
8,406,3206859
8,407,299044
8,408,16573563
8,409,892490
8,410,510636
8,411,948363
8,412,1200435
8,413,637907
8,414,923545
8,415,833976
9,416,3355
9,417,2685
9,418,1436
9,419,944
9,420,1327
9,421,1582
9,422,534
9,424,579
9,425,332
11,40206,1894
11,40208,10415
11,40209,51969
11,40210,7264
11,40211,8628
11,40212,5838
11,40213,3574
12,429,17911478
12,430,2607176
12,431,410871
12,432,1140297
12,433,645327
12,434,3618205
12,435,1075724
12,436,1331189
12,437,584278
12,438,748703
12,439,345225
12,440,393675
12,441,1938330
12,442,1306288
12,443,660330
12,444,751040
12,445,1393167
12,446,763013
12,447,520054
12,448,411288
12,449,3426543
12,450,959051
12,451,161953
12,452,1582656
13,453,131312
13,454,225013
13,455,257866
13,456,214003
13,457,349535
13,458,189559
13,460,215835
13,461,109483
13,462,105149
13,463,43635
13,464,939503
13,900833,969118
13,900834,135791
13,900835,261338
13,900836,270427
13,900837,215472
13,900838,191343
13,900839,266572
13,900840,217511
13,900841,111446
13,900842,46793
13,900843,111194
14,465,115263
15,70036,1194956
15,70037,185254
15,900005,641906
16,467,0
17,468,356572
17,470,6741109
17,471,205405
17,472,814
17,473,4246681
17,474,1578287
17,475,472829
17,476,5319773
17,477,2196199
18,478,351817
18,479,556257
18,480,1690526
18,481,1450407
18,482,539440
18,483,1243721
18,484,756677
18,485,389272
18,486,1825538
19,493,1675073
19,516,1273734
19,528,483338
19,534,1624014
19,536,908055
19,541,426898
19,558,600079
19,147298,2009930
19,147299,317426
19,147302,267440
19,147306,655378
20,561,353248
21,562,215777
21,563,33571
21,564,171
21,565,7776
21,566,106439
21,567,180573
21,568,268579
21,569,132207
21,570,86731
21,571,260233
21,572,128586
21,573,245091
23,575,8310235
23,576,31920452
23,577,57322532
23,578,16459322
23,579,20613574
23,580,12100613
23,61363,17637100
23,900396,379721
23,900397,8111123
23,900398,31856028
23,900399,45248260
23,900400,16609495
23,900401,12094344
23,900402,20676144
23,900403,17685506
23,900404,12080382
24,581,43164
24,582,5025
24,583,23526
24,584,36890
24,585,11271
24,586,6144
24,587,12455
24,588,77673
24,589,13269
24,590,34169
24,591,18329
26,593,1329592
26,594,1361740
26,595,975023
26,596,2592442
26,597,828570
26,598,987604
26,599,1104129
27,600,1250852
27,601,6593758
27,602,3761558
28,603,132781
28,604,87945
28,605,48106
28,606,57183
28,607,49999
28,608,34690
29,609,1225382
29,610,1044243
29,611,1875719
29,612,1678512
29,613,853893
29,614,899577
29,615,718683
29,616,673115
29,617,614862
29,618,1467742
29,619,820208
29,620,1088094
30,621,42697
31,622,19955
31,623,101507
31,624,31788
31,625,3206
31,626,13769
31,627,17031
31,628,49529
31,629,44198
31,630,29034
31,631,25083
31,632,79558
31,633,81742
31,634,50527
31,635,116879
31,636,20251
31,637,65570
31,638,17807
31,639,24082
31,640,63914
31,641,24168
33,648,197672
33,40443,475821
33,40444,626899
33,40445,2060434
33,40446,3108039
33,40447,598494
33,40448,940770
33,40449,3286394
33,40450,569713
33,901145,494954
33,901146,623529
33,901147,2040761
33,901148,3103299
33,901149,600580
33,901150,197905
33,901151,939568
33,901152,3291115
33,901153,569751
33,901154,139
33,901155,159
34,652,2207344
34,653,1148015
35,654,717736
35,655,29493
35,656,56287
35,657,59984
35,658,112551
35,659,391656
35,660,182346
35,661,187899
35,662,420329
35,663,247680
37,665,937801
37,666,3454732
37,667,883967
37,668,4408725
37,669,15136805
37,670,9591872
37,671,3220128
37,672,3928100
37,673,7319855
37,674,7739246
37,675,3842956
37,676,2919037
37,677,21632034
37,678,9687721
37,679,4136476
37,680,11462822
37,681,9768094
37,682,3436277
37,683,17810958
37,684,3636831
37,685,11288380
37,686,1824051
37,687,633594
37,688,7302132
37,689,46165080
37,690,2410813
37,691,1709840
39,39503,296
39,39504,271
39,39505,23
39,39506,25101
39,39507,3869
40,698,70550
40,699,327451
40,700,13014
40,701,47166
41,702,296849
41,703,405174
41,704,164416
41,705,106558
41,706,220568
41,707,113875
41,708,141621
41,709,119027
41,710,118424
41,711,121372
41,712,244183
41,713,185861
41,714,223449
41,715,651144
41,716,104496
41,717,201897
41,718,161570
41,719,109372
41,720,180213
41,721,103031
41,722,294275
41,723,1275730
41,724,302057
41,725,107761
41,726,483562
41,727,229413
41,728,81882
41,729,155913
42,40276,1934182
42,40277,1134725
42,40278,4212156
42,40279,1729814
42,40280,1741365
42,40281,1704047
42,40282,880946
42,40283,2031446
42,40284,2478724
42,40285,1597595
42,40286,933220
42,40287,1490156
42,40288,944189
42,900712,1929705
42,900713,1125538
42,900714,4218334
42,900715,1695128
42,900716,1741685
42,900717,1709756
42,900718,889771
42,900719,2066212
42,900720,2470556
42,900721,1603165
42,900722,943437
42,900723,1459850
42,900724,944294
43,40542,423842
43,40543,873128
43,40544,795274
43,40545,853250
43,40546,337694
43,40547,587674
43,40548,888590
43,40549,530726
43,40550,863607
43,40551,863390
43,40552,575960
43,40553,358069
43,40554,1049363
43,40555,346472
43,40556,841855
43,40557,534866
43,40558,608023
43,900102,434132
43,900103,419118
44,791,938546
44,792,1965315
44,793,1932288
44,794,555023
44,795,926298
44,796,759909
44,797,781966
44,798,1597513
44,799,150640
44,800,46246
44,801,459274
44,802,272582
44,803,161839
44,804,1247014
44,805,408341
44,806,2336409
44,807,397014
44,808,955471
44,809,445568
44,810,280863
44,811,1340851
44,812,172737
44,813,502236
44,814,929606
44,65289,339
44,65290,12000
44,900411,11334
44,900412,938163
44,900413,1962982
44,900414,955350
44,900415,548897
44,900416,905583
44,900417,756700
44,900418,782308
44,900419,1360444
44,900420,45637
44,900421,127580
44,900422,457131
44,900423,163306
44,900424,1237795
44,900425,403631
44,900426,2585599
44,900427,294376
44,900428,401815
44,900429,958946
44,900430,450115
44,900431,280888
44,900432,1343693
44,900433,171728
44,900434,511249
44,900435,938211
44,900436,983048
45,815,1466567
45,816,5796141
45,817,1089130
45,818,4632798
45,819,4305318
45,820,3193533
45,821,2341166
45,822,2148112
45,823,985850
45,824,2113661
45,900959,1464934
45,900960,5796768
45,900961,1087881
45,900962,4667798
45,900963,4210594
45,900964,3186228
45,900965,2341519
45,900966,2147651
45,900967,985125
45,900968,2091526
46,825,4395918
46,826,4908477
46,827,1329178
46,828,782159
46,829,502192
46,830,41140
46,831,915466
46,832,32294
46,833,14170416
46,834,143921
46,835,8519727
46,836,1167129
46,837,41304
47,838,19252
47,839,3989
47,840,21
47,841,35107
47,842,10
47,843,10
47,844,5811
47,845,17
47,846,21707
47,847,10
47,848,289535
47,849,43534
47,850,11659
47,851,79005
48,68742,64491
48,68743,1296
48,68744,884
49,853,59901
49,854,340137
49,855,79606
49,856,124520
49,857,162617
49,858,339497
49,859,500763
49,860,220483
49,861,161795
49,862,321262
49,863,524221
49,864,379896
49,865,508428
49,866,591599
49,867,139390
49,868,74668
49,67154,809412
50,870,1031000
50,873,793610
50,875,324099
50,876,878055
50,881,425333
50,12904,259172
50,12905,439539
50,12907,275191
50,12908,399259
50,12909,42942
50,12910,547124
50,12911,313706
50,12912,2144892
50,12914,447506
50,12915,847411
50,12918,934375
50,12919,286963
50,12920,635905
50,12921,424092
50,12922,771274
50,12923,582405
50,12924,245162
50,12925,876054
50,12926,456773
50,12927,850928
50,12928,499249
50,12930,335148
50,12931,515656
50,900172,449526
50,900173,697321
50,900174,269621
50,900175,832176
50,900176,315109
50,900177,106521
50,900178,793898
50,900179,787403
50,900180,540386
50,900181,624517
50,900182,879737
50,900183,1201395
50,900184,878234
50,900185,1071800
50,900186,781693
50,900187,797641
50,900188,1397717
50,900189,1171990
50,900190,423771
50,900191,636463
50,900192,864663
50,900193,42539
50,900194,1018701
51,883,709890
51,884,1135789
51,885,327773
51,886,123084
51,887,2286115
51,888,905176
51,889,1029488
51,890,1027643
51,891,160944
51,892,1154586
51,893,8720721
51,895,461688
51,896,2110572
51,91503,179348
51,91504,412259
52,897,40094
53,898,59896404
53,899,28213524
53,900,27151304
53,901,39472604
53,902,26108888
53,903,124314072
53,904,48116268
53,905,34424812
53,906,9733051
53,907,77492816
53,908,40180124
53,909,98009040
53,911,55615412
53,912,68204600
53,913,83039120
53,914,49645784
53,915,28198504
53,916,45657044
53,917,26934768
53,918,7393436
53,919,6601297
53,920,39214344
53,921,101018504
53,922,31823894
53,923,39299904
53,924,80420640
53,926,16968212
53,927,26007470
53,928,3470541
53,929,49773036
53,930,62641920
54,931,1838
56,933,359
57,934,141531
57,935,7928416
57,936,461364
57,937,3259440
57,938,3217860
57,939,1534885
57,941,1082928
57,942,671302
57,943,860529
57,944,1872821
57,945,1219591
57,946,639629
57,947,2513131
57,948,14062328
57,949,114108
57,950,1577289
57,951,178336
57,952,1489539
57,953,1549060
57,954,1405040
57,955,2154208
57,956,1598936
57,957,562863
57,958,707907
57,959,1094046
57,960,102328
57,961,2717147
57,962,1065486
57,963,1784532
57,964,5487773
57,965,103180
57,966,101550
57,901156,7930232
57,901157,3082308
57,901158,10061854
57,901159,3263243
57,901160,1481104
57,901161,1068968
57,901162,664570
57,901163,1843061
57,901164,1237361
57,901165,2533166
57,901166,4080845
57,901167,690850
57,901168,1446803
57,901169,1482949
57,901170,1752860
57,901171,1283927
57,901172,2185661
57,901173,1570295
57,901174,706515
57,901175,1126848
57,901176,2705609
57,901177,1026056
57,901178,1746364
57,901179,5617113
57,901180,451891
57,901181,906384
57,901182,543276
57,901183,102328
57,901184,142452
57,901185,116688
57,901186,183849
57,901187,102730
57,901188,97261
58,967,65078
58,968,333632
58,969,452249
59,970,255512
59,971,233241
59,972,189945
59,973,230066
59,974,165602
59,975,1054810
59,976,160334
59,977,114007
59,978,423858
59,979,110554
59,900002,276760
59,900003,783472
60,980,15914
61,981,978014
61,982,542329
61,983,392455
61,984,513780
61,985,432096
61,986,462314
61,987,1492981
62,988,107421
62,989,105482
62,990,754093
62,991,196435
62,992,120375
62,993,109193
62,994,149993
62,995,45262
62,996,104598
62,997,287031
62,998,73401
62,1000,98773
62,1001,164421
62,1002,147444
62,1003,426074
62,1004,161960
62,1005,75579
62,1006,162829
62,1007,174270
62,1008,346313
62,900026,281544
63,1009,777813
63,1010,410176
63,1011,403334
63,1012,1858462
63,1013,832899
63,1014,575854
63,1015,1069225
63,1016,77210
63,1017,899965
63,1018,519007
63,1019,698120
63,1020,729255
63,1021,504393
63,1022,1001988
63,1023,730197
64,1024,244721
64,1025,68241
64,1026,161345
64,1027,279810
64,1028,472729
64,1029,118651
65,1030,711826
65,1031,2074444
65,1032,1565679
65,1033,1184524
65,1034,1816277
65,1035,1366086
65,1036,1237485
65,1037,884289
66,1040,2692382
66,1041,343501
66,1043,1467712
66,1044,1642717
66,1045,2728611
66,1048,1978280
66,1050,1337352
66,1051,1614962
66,1053,1062497
66,16838,405690
66,16840,1900490
66,16845,1024301
66,40692,2861567
66,900025,5450126
67,1054,1434506
67,1055,388489
67,1056,1446832
67,1058,2360777
67,1059,1803602
67,1060,2907061
67,1061,2993870
67,1062,2941995
67,1063,3142299
67,1064,3157561
67,1065,764098
68,1066,8553457
68,1067,3004779
68,1068,11026867
68,1069,13515202
68,1070,10040941
68,1071,28281910
68,1072,7850570
68,1073,3071970
68,1074,9391261
68,1075,13394677
68,1076,6308998
68,900143,5674065
68,900144,3529128
68,900145,6212139
68,900146,3008013
68,900147,1717903
68,900148,4479438
68,900149,2356058
68,900150,2402447
68,900151,3060707
68,900152,1577978
68,900153,2307201
68,900154,1678479
68,900155,1520478
68,900156,2126189
68,900157,9388370
68,900158,3071970
68,900159,4017391
68,900160,7972880
68,900161,5538392
68,900162,10750496
68,900163,200078
68,900164,4166797
68,900165,7214859
68,900166,6300509
68,900167,6247093
68,900168,7853027
68,901011,6351
68,901012,58798
68,901013,7497
69,1077,748909
69,1078,37479
69,1079,114401
69,1081,490968
69,1083,509653
69,1084,226117
69,1085,287944
69,1087,244335
69,1088,247263
69,1090,390265
69,1091,316626
69,1092,241565
69,40856,390103
69,40857,1288087
69,40858,245308
70,1093,145838
70,1094,155805
70,1095,607375
70,1096,69536
70,1097,167523
70,900405,147561
70,900406,72793
70,900407,115465
70,900408,574259
70,900409,68512
70,900410,167487
71,1098,9411
71,1099,13987
71,1100,16472
71,1101,4978
71,1102,6035
71,1103,1219
71,1104,570
71,1105,7812
71,1106,8125
71,1107,1064
72,1108,251173
72,1109,153755
72,1110,217198
72,1111,68101
72,1112,3317913
72,1113,353053
72,1114,90961
72,1115,319956
72,1116,69617
72,1117,535451
72,1118,70766
72,1119,296972
72,1120,473648
72,1121,192976
72,1122,184997
72,1123,59981
72,1124,285423
72,1125,343844
72,1126,95375
72,1127,114057
72,1128,700778
72,1129,241845
72,1130,389913
72,1131,162248
72,1132,1068456
72,1133,54288
72,1134,231149
72,36854,105832
72,36855,189415
72,36856,240945
72,36857,61149
72,36858,1085691
72,901058,1270
72,901059,321587
72,901060,342528
72,901061,1068578
72,901062,477347
72,901063,160954
72,901064,188908
72,901065,352855
72,901066,191946
72,901067,95223
72,901068,114286
72,901069,73151
72,901070,183736
72,901071,54224
72,901072,232139
72,901073,250820
72,901074,287162
72,901075,692347
72,901076,60731
72,901077,156561
72,901078,214141
72,901079,71455
72,901080,63385
72,901081,73035
72,901082,241936
72,901083,92275
72,901084,535330
72,901085,296233
72,901086,389513
72,901087,239637
72,901088,105677
72,901089,1083785
72,901090,3327461
73,1135,862345
73,1136,201886
73,1137,247171
73,1138,179675
73,1139,528557
73,1140,486196
73,1141,685466
73,1142,665515
73,1143,33162
73,1144,4299369
73,1145,466815
73,1146,500257
73,1147,945526
73,1148,1601678
73,1149,196221
73,1150,173995
73,1151,226217
73,1152,118199
73,1153,3232509
73,1154,252729
73,1155,586114
73,1156,114080
73,1157,40427
73,22007,404821
73,22008,483412
74,2746,902635
74,2747,958540
74,2748,1903568
74,2750,6244942
74,2751,2054634
74,2754,686509
74,2765,1132363
74,2766,444515
74,2768,942184
74,37021,1551975
75,1184,379671
75,1185,163509
75,1186,245192
75,1187,303829
75,1188,853706
75,1189,380009
75,1190,226078
75,1191,194580
75,1192,480667
75,1193,1828897
75,1194,184720
75,1195,594899
75,1196,535986
75,1197,380260
75,900381,380640
75,900382,162738
75,900383,240808
75,900384,303303
75,900385,857528
75,900386,375885
75,900387,228459
75,900388,195289
75,900389,474956
75,900390,1817881
75,900391,183287
75,900392,603902
75,900393,528462
75,900394,379739
75,900395,25690
76,1198,3397
76,1199,323680
76,1200,35874
76,1201,150641
76,1202,178277
76,1203,391459
76,1204,212704
77,1205,523389
77,1206,4952
77,1207,971255
77,1208,111290
77,1209,933892
77,1210,521944
77,1211,1142349
78,1212,620795
78,1213,6422
78,1214,173392
78,1215,25918
78,1216,26635
78,1217,54663
78,1218,19944
78,1219,78771
78,1220,26915
78,1221,49711
78,1222,44981
78,1223,154928
78,1224,26415
78,1225,41962
78,1226,29594
78,149727,343
79,1227,3502603
79,1228,1861717
79,1229,22334584
79,1230,1152606
79,1231,467138
79,1232,583902
79,1233,254980
79,1236,21576006
79,1237,5930411
79,47678,39829760
79,47679,6396318
79,900532,3425390
79,900533,2000717
79,900534,22352252
79,900535,1221300
79,900536,463096
79,900537,549788
79,900538,250961
79,900539,39817616
79,900540,21585668
79,900541,6509676
79,900542,5713558
81,1239,2248
82,1240,50899
83,40187,382378
83,40188,29916
83,40189,120564
83,40190,322373
84,1242,22260
84,1243,560238
84,1244,175626
84,1245,493759
84,1246,2311273
84,1247,1919125
85,1248,1971245
85,1249,3602730
85,1250,1405973
85,1251,1535428
85,1252,1691761
85,1253,3454318
85,1254,2681504
85,1255,1354576
85,1256,351648
85,1257,1242807
85,1258,1899262
85,1259,12766260
85,1260,2970726
85,1262,784406
85,1263,2431443
85,1264,3315359
85,1265,4071594
85,1266,3969498
85,1267,1993389
85,1268,1912465
85,1269,5075771
85,1270,6926355
86,1271,205076
86,1272,142964
87,1273,278863
89,1275,1083628
89,1276,814751
89,1277,104361
89,1278,150578
89,1279,72437
89,1280,97572
89,1281,120374
89,1282,193153
89,1283,330936
90,1285,248444
90,1287,85611
90,1288,289122
90,1289,272946
90,1290,1067856
90,112869,439443
92,1296,264291
92,1297,317926
92,1298,108264
92,1299,458771
92,1300,283804
92,1301,745716
92,1302,130315
92,1303,24062
92,1304,282989
92,1305,151197
92,1306,225824
92,1307,734231
93,1308,10365696
93,1309,12565531
93,1310,3123370
93,1311,2502804
93,1312,550651
93,1313,1533575
93,1314,5900511
93,1315,1472710
93,1316,7707438
93,1317,17015174
93,1318,3962209
93,1319,929626
93,1320,3776724
93,1321,2025500
93,1322,2896350
93,1323,1952172
94,1324,6775423
94,1325,2943349
94,1326,2921109
94,1327,3411597
94,1328,5565015
94,1329,3480054
94,1330,1180814
94,1331,849376
94,1332,2967590
94,1333,3042327
94,900854,6772914
94,900855,2936722
94,900856,2940196
94,900857,3391135
94,900858,5565317
94,900859,3481744
94,900860,1182743
94,900861,840469
94,900862,2967098
94,900863,3049756
95,1334,23545
97,1336,600882
97,1337,3618291
97,1338,629811
97,1339,275027
97,1340,189816
97,1341,326400
97,1342,1646714
97,1343,639567
97,1345,543675
97,1346,530700
97,1347,710888
97,1348,186109
97,40766,292110
98,1349,727
98,1350,1118
98,1351,41655
99,1352,16256
99,1353,25923
99,1354,30534
99,1355,8115
99,1356,3542
99,1357,9424
100,1358,453927
101,1359,161011
102,900004,73809
103,64821,3623551
103,64822,208150
103,64823,369884
103,64824,791079
103,64825,809291
103,64826,438953
103,64827,560135
103,64828,619461
103,64829,975581
103,64830,678191
103,64831,349172
103,64832,1264338
103,64833,1385636
103,64834,1335006
103,64835,361019
103,64836,1478266
103,64837,879004
103,64838,489506
103,64839,257911
103,64840,453123
103,64841,414632
103,64842,525345
104,40222,1346
104,40223,7743
104,40224,2513
104,40225,41
104,40226,2538
104,40227,7605
104,40228,1488
104,40229,17389
104,40230,6317
104,40231,2388
104,40232,434
104,40233,963
104,40234,7528
105,1385,245381
105,1386,126021
105,1387,30153
105,1388,171484
105,1389,268531
105,1390,262502
105,1391,63017
105,1392,515550
105,1393,74909
106,40700,1073942
106,40701,1442246
106,40702,1091113
106,40703,2518341
106,40704,2150301
106,40705,1076861
106,40706,778146
106,40707,1713928
106,900027,2047208
106,900028,1177035
107,1398,28560
107,1399,23104
107,1400,299214
107,1401,94045
107,1402,114384
107,1403,49696
107,1404,42354
107,1405,11645
107,1406,38096
107,1407,27820
108,1409,2314229
108,1410,946561
108,1411,622452
108,1412,1363129
108,1413,466609
108,1414,989275
108,1415,5834299
108,1416,881295
108,1417,754054
108,72912,452848
108,901001,5830533
108,901002,750981
108,901003,1363129
108,901004,463611
108,901005,2314229
108,901006,943110
108,901007,881295
108,901008,622452
108,901009,989275
108,901010,452848
110,1419,3999
111,1420,467575
111,1421,465945
111,1422,394287
111,1423,606994
111,1424,449125
111,1425,1818970
111,1426,1735025
111,1427,105723
111,1428,270270
111,1429,73564
111,1430,211108
111,1431,362184
111,1432,99
111,1433,170882
111,1434,660985
111,1435,460158
111,1436,492401
111,1437,176860
111,1438,632364
111,901014,568
111,901015,498997
111,901016,355531
111,901017,605318
111,901018,437820
111,901019,1817224
111,901020,464742
111,901021,512597
111,901022,1740678
111,901023,106133
111,901024,268639
111,901025,75631
111,901026,228817
111,901027,373793
111,901028,175672
111,901029,594673
111,901030,484923
111,901031,179903
111,901032,640233
111,901033,359
113,1440,448065
113,1441,329861
113,1442,312714
113,1443,632003
113,1444,1698446
113,1445,364482
113,1446,457644
113,1447,433537
113,1448,595060
113,1449,290211
113,1450,353498
113,1451,235070
113,1452,173923
113,1453,1205963
113,1454,283075
113,1455,568906
113,1456,202498
113,1457,235920
113,1458,310977
113,1459,235406
114,1460,28532
114,1461,217
114,1462,1874
114,1463,1777
114,1464,9326
114,1465,571
114,1466,24377
114,1467,37360
114,1468,212800
114,1469,1934
114,1471,2966
114,1472,5898
114,1473,2644
114,1474,7009
114,1475,4328
114,1476,3846
114,1477,568
114,1478,5557
114,1479,2339
114,1480,985
114,1481,890
114,1482,1629
114,1483,851
115,1484,372278
115,1485,93727088
115,1487,35240968
115,1488,128304208
115,1489,18961364
115,1490,1550113
115,1491,69826256
115,1492,29914736
115,1493,7831666
115,1494,70120752
115,1495,33977988
115,1496,45751
115,1497,86050440
115,1498,128238664
115,1500,3571403
115,1501,4248675
115,1502,1381618
115,1503,2009252
115,1504,47512916
115,1505,31218326
115,1506,82020088
115,1507,674877
115,1508,82991728
115,1509,4423469
115,1510,236499184
115,1511,102399688
115,70074,829497
115,70075,30139576
115,70076,519687
115,70077,295869
115,70078,40076732
115,70080,1194364
115,70082,12238169
115,900482,612768
115,900618,53438820
115,900619,40288248
116,1512,4817707
116,1513,4801766
116,1514,1867868
116,1515,3833066
116,1516,10564112
116,1518,3997838
116,1519,52612264
116,1520,33595328
116,1521,39735792
116,1522,5248278
116,1523,4504486
116,1524,2754660
116,1525,5164946
116,1526,8744129
116,1527,1764856
116,1528,5076514
116,1529,5591248
116,1530,8224714
116,1531,9146905
116,1532,3292525
116,1533,2974458
116,1534,2752788
116,1535,5566239
116,1536,8109280
116,1537,14593465
116,73609,1603113
116,73610,14157993
116,73611,1255560
116,73612,1429948
116,73614,2298419
116,73616,1784806
116,73617,6692935
116,73619,1724537
117,1539,2085521
117,1540,1474957
117,1541,879741
117,1542,3970826
117,1543,5503971
117,1544,4658979
117,1545,2627867
117,1546,1845231
117,1547,7983673
117,1548,1809312
117,1549,576899
117,1550,3234744
117,1551,4740064
117,1552,642006
117,1553,1546748
117,1554,9722
117,1555,1754180
117,1556,1441943
117,1557,3150280
117,1558,645683
117,1559,2456528
117,1560,15727060
117,1561,3379304
117,1562,1153831
117,1563,1118566
117,33110,1275832
117,33111,1935730
117,33112,1329079
117,33113,1363038
117,900029,1443685
117,900030,2611846
117,900031,3144702
117,900032,3974588
117,900033,3384076
117,900034,2087992
117,900035,4742368
117,900036,4658196
117,900037,3250507
117,900038,6246619
117,900039,5484395
117,900040,2443144
117,900041,1539755
117,900042,1845751
117,900043,876985
117,900044,1751440
117,900045,576698
117,900046,645836
117,900047,1451021
117,900048,1123895
117,900049,647275
117,900050,1254194
117,900051,1851482
117,900052,12574785
117,900053,1270644
117,900054,1417507
117,900055,1343661
117,900056,1932254
117,900057,959288
117,900058,694735
117,900059,3104309
117,900060,4625
117,900061,13712
118,1564,2069768
118,1565,3383447
118,1566,990453
118,1567,1873089
118,1568,1653244
118,1569,2681017
118,1570,1792045
118,1571,2330682
118,1572,8242789
118,1573,2500447
118,1574,2703872
118,1575,1657588
118,1576,1470412
118,1577,1338393
118,1578,4215084
118,1579,1628457
118,1580,2282730
118,1581,1548814
119,1582,63514
119,1583,95874
119,1584,129055
119,1585,593331
119,1586,188704
119,1587,1503306
119,1588,284319
119,1589,157217
119,1590,268625
119,1591,120458
119,1592,122430
119,1593,39342
119,1594,210765
119,1595,50551
119,1596,145107
119,1597,143259
119,1598,234890
119,1599,70036
119,1601,90406
119,1602,79519
119,1603,77074
119,1604,179649
119,1605,122154
119,1606,97229
119,1607,173259
119,1608,161798
120,61305,1387
120,61306,1578
120,61307,1139
120,61308,12115
120,61309,431
120,61310,2326
120,61311,19436
120,61312,2298
120,61313,984
120,61314,1187
120,61315,1939
120,61316,1715
120,61317,3092
120,61318,2781
120,61319,2799
120,61320,1784
120,61321,11430
120,61322,2098
120,61323,5002
120,61324,1542
120,61325,1920
120,61326,6167
120,61327,2725
120,61328,902
121,1610,2347711
121,1611,953489
121,1612,1077952
121,1613,1506943
121,1614,1257446
121,1615,1418549
122,1616,1338510
122,1617,562294
122,1618,1892080
122,1619,5802324
122,1620,4687546
122,1621,1256353
122,1622,5880809
122,1623,1392581
122,1624,10440469
122,1625,1630437
122,1626,306225
122,1627,4522887
122,1628,4029825
122,1629,1612901
122,1630,5017053
122,1631,3809750
122,1632,1121752
122,1633,942321
122,1634,135735
122,1635,5168036
123,1636,253570
123,1637,72088
123,1638,193678
123,1639,83591
123,1640,648489
123,1641,185301
123,1642,525121
123,1643,149171
123,1644,191465
123,1645,123619
123,1646,99650
123,1647,79624
123,1648,143194
126,1651,7536252
126,1652,964103
126,1653,1243588
126,1654,1268021
126,1655,762224
126,1656,4800120
126,1657,1908563
126,1658,2037158
126,1659,1979072
126,1660,2752377
126,1661,5248712
126,1662,5393222
126,1663,2980006
126,1664,1134896
126,1665,1227284
126,1666,894122
126,1667,1558618
126,1668,9348627
126,1669,702528
126,1670,1712418
126,1671,2637477
126,1672,1791768
126,1673,2298641
126,1674,1094071
126,1675,2039955
126,1676,1195774
126,1677,1368858
126,1678,2236326
126,1679,1134606
126,1680,1881636
126,1681,1240310
126,1682,8482595
126,1683,813113
126,1684,7524110
126,1685,1479470
126,1686,657267
126,1687,3706593
126,1688,1993096
126,1689,724743
126,1690,14108422
126,1691,548483
126,1692,1050397
126,1693,6378768
126,1694,903242
126,1695,1077861
126,1696,1334491
126,1697,830577
128,40235,8771
128,40236,4892
128,40237,27148
128,40238,5033
128,40239,8229
128,40240,5074
128,40241,3153
128,40242,4848
128,40243,4277
128,40244,8307
128,40245,7849
128,40274,10761
130,1701,172884
130,1702,505042
130,1703,155574
130,1704,272936
130,1705,2721095
130,1706,100325
130,1707,1309442
130,1708,219013
130,1709,124528
130,1710,174373
130,1711,407789
130,1712,1007918
130,900748,551
130,900749,173918
130,900750,155549
130,900751,502354
130,900752,275712
130,900753,412358
130,900754,95660
130,900755,2645809
130,900756,1280288
130,900757,222303
130,900758,126044
130,900759,169659
130,900760,1088207
132,1714,1482035
132,1715,899787
132,1716,2649245
132,1717,517196
132,1718,1079395
132,1719,1361323
132,1720,765729
132,1721,814767
132,1723,1299
132,1724,792824
132,1725,707292
132,1726,754308
132,1727,1287522
132,1728,3145590
132,1729,592128
132,37157,1240079
133,51325,5225910
133,51326,4542205
133,51327,7101890
133,51328,4794712
133,51329,6006451
133,51330,6909402
133,51331,14802196
133,51332,5664667
135,1739,80890
136,1740,12238
137,1741,1103317
137,1742,718683
137,1743,352532
137,1744,368073
137,1745,994854
138,1746,446845
138,1747,801640
138,1748,1116837
138,1749,278375
138,1750,1476922
138,1751,236133
138,1752,434718
138,900006,941895
138,901034,543580
138,901035,935575
138,901036,802773
138,901037,431248
138,901038,1239296
138,901039,277803
138,901040,1311792
138,901041,172936
138,901042,238339
139,1753,168370
139,1754,206047
139,1755,409112
139,1756,813261
139,1757,346839
139,1758,461698
139,1759,488996
139,1760,220962
139,1761,375457
139,1762,214100
139,1763,469644
139,1764,1031530
139,1765,407813
139,1766,151869
139,1767,507210
139,1768,1038374
139,1770,305036
139,900620,171318
139,900621,201306
139,900622,397875
139,900623,811140
139,900624,344318
139,900625,465062
139,900626,217135
139,900627,490803
139,900628,379825
139,900629,214794
139,900630,466350
139,900631,1031581
139,900632,154329
139,900633,435068
139,900634,1045512
139,900635,405886
139,900636,95919
139,900637,289015
140,1771,45457
140,1772,26440
140,1773,28404
140,1774,52409
140,1775,66795
140,1776,155451
140,1777,41791
140,1778,27554
140,1779,55380
140,1780,112964
140,1781,34996
140,1782,38726
140,1783,126766
140,1784,41146
140,1785,33895
140,1786,45402
140,1787,71389
140,1788,39430
140,1789,77838
140,1790,1023273
140,1791,39317
140,1792,51441
140,1793,62867
140,1794,34928
140,1795,59012
140,1796,59668
141,1797,1074649
141,1798,750658
141,1799,1288369
141,1800,1063598
141,1801,4124162
141,1802,748308
141,900940,525813
141,900941,547475
141,900942,859870
141,900943,1142210
141,900944,197609
141,900945,1263276
141,900946,4551461
141,900947,748632
142,1803,280000
142,1804,108273
142,1805,275413
142,1806,163250
142,1807,457137
142,1808,160780
142,1809,113851
142,1810,69205
142,1811,117149
142,1812,127004
142,900903,277254
142,900904,106095
142,900905,274490
142,900906,162746
142,900907,455937
142,900908,161417
142,900909,112722
142,900910,68017
142,900911,119258
142,900912,126685
144,1814,96098
144,1815,380891
144,1816,112371
144,1817,259905
144,1818,163733
144,1819,177347
144,1820,56319
144,1821,337274
144,1822,253968
144,1823,188504
144,1824,1650558
144,1825,561329
144,1826,98096
144,1827,87020
144,1828,129042
144,900818,96094
144,900819,385192
144,900820,112669
144,900821,262512
144,900822,164280
144,900823,178024
144,900824,56286
144,900825,337632
144,900826,297017
144,900827,184689
144,900828,1601899
144,900829,560134
144,900830,87368
144,900831,97244
144,900832,129047
145,1829,220977
145,1830,236008
145,1831,468846
145,1832,252290
145,1833,63932
145,1834,142553
145,1835,61121
145,1836,110208
145,1837,122265
145,1838,501242
145,1839,584813
145,1840,200160
145,1841,132968
145,1842,446031
145,1843,56265
145,1844,97625
145,1845,345008
145,1846,163090
145,1847,526122
145,1848,106254
145,1849,281458
145,1850,1495338
145,1851,193902
145,1852,64403
145,1853,62534
145,900169,1982109
145,900170,4409369
145,900171,543938
146,1854,3505
146,1855,3760
146,1856,1789
146,1857,3713
146,1859,385
146,1860,2546
146,1861,6812
146,1862,997
146,1863,5377
146,1864,3185
146,1865,5101
147,1866,132185
147,1867,537876
147,1868,312403
147,1869,142540
147,1870,212417
147,1871,264860
147,1872,85296
147,1873,124874
147,1874,130728
147,1875,803823
148,1876,90711
148,1877,72192
148,1878,427941
149,1879,334464
150,1881,1282684
150,899979,1880099
150,899980,1868129
150,899981,1626528
150,899982,1096587
150,899983,963281
150,899984,500428
150,899985,736679
150,899986,602915
150,899987,1215854
150,899988,959647
150,899989,639608
150,899990,1149517
150,899991,349991
150,899992,1358919
150,899993,1665412
150,899994,770083
150,899995,1186285
150,899996,1209090
150,899997,4712812
150,899998,703646
150,899999,1169854
151,1886,254397
151,1887,4909
152,1888,8165615
152,1889,2437645
152,1890,7836225
152,65268,58305
153,1891,4080453
153,1892,2195807
153,1893,1663027
153,1894,1919540
153,1895,979721
153,1896,1188450
153,1897,1693568
153,1898,2671151
153,1899,364885
153,1900,1789588
153,1901,4286625
153,1902,2862941
153,1903,7339454
153,1904,1139171
153,37336,81695
154,1905,1245
154,1906,1999
154,1907,3694
154,1908,2811
154,1909,1350
154,1910,1816
154,1911,5777
154,1913,11839
154,1914,9738
154,1915,22946
154,1916,7415
154,1917,290
154,1918,93581
154,1919,887
154,1920,2967
154,1921,31305
154,1922,35385
154,1923,6016
154,1924,11846
154,1925,408
155,1926,3297870
155,1927,924890
155,1928,2970281
155,1929,134999
155,1930,4498833
155,1931,2904703
155,1932,3370514
155,1933,4073320
155,1934,1100504
156,1935,13041
156,1936,4614
156,1937,1602
156,1938,18604
156,1939,10275
156,1940,3913
156,1941,3072
156,1942,7068
156,1943,2253
156,1944,1354
156,1945,2795
156,1946,825
156,1947,5714
156,1948,435
156,1949,4688
156,1950,2875
156,1951,2003
156,1952,9000
156,1953,3146
156,1954,3168
156,1955,2209
156,1956,2012
156,1957,1200
156,1958,4067
156,1959,7984
156,1960,5196
156,1961,10792
156,1962,4283
156,1963,847
156,1964,9415
156,1965,9688
156,1966,12812
156,1967,3016
156,1968,10210
156,1969,973
156,1970,2303
156,1971,11219
156,1972,5039
156,1973,1312
156,1974,3595
156,1975,2680
156,1976,21817
156,1977,3809
156,1978,17453
156,1979,3729
156,1980,2181
156,1981,1792
156,1982,8939
156,1983,641
156,1984,21309
156,1985,2879
156,1986,7378
156,1987,4326
156,1988,11737
156,1989,11983
156,1990,8796
156,1992,5807
156,1993,2731
156,1994,3227
156,1995,3710
156,1996,1265
156,1997,18063
156,1998,2301
156,1999,15261
156,2000,11291
156,2001,11634
157,2002,15075
158,61297,152047
158,61298,87720
158,61299,137116
158,61300,27803
159,2004,60434
159,2005,388147
159,2006,362545
159,2007,145552
159,2008,399024
159,2009,340605
159,2010,607156
159,2011,359382
159,2012,26302
159,2013,1323601
159,2014,84151
159,2015,61365
159,2016,283578
160,2017,41874
160,2018,71051
160,2019,149581
160,2020,111910
160,2021,145944
160,2022,161773
160,2023,299306
160,2024,100928
160,2025,120142
160,2026,58921
161,2027,244991
162,2028,1438517
162,2029,3820720
162,2030,1000070
162,2031,965076
162,2032,6066871
162,2033,3785521
162,2034,3776506
162,2035,858666
162,2036,8291424
162,2037,1507274
162,2038,6961241
162,2039,4012308
162,2040,3910604
162,2041,9584610
162,2042,19391718
162,2043,5248037
162,2044,2175043
162,2045,1331111
162,2046,10225363
162,2047,4509202
162,2048,7147472
162,2049,2450455
162,2050,1820942
162,2051,2955712
162,2052,3071978
162,2053,3303019
162,2054,2800526
162,2055,3851549
162,2056,1198093
162,2057,8552809
162,2058,2285543
162,2059,1812907
163,2060,75321
165,2062,365195
165,2063,268185
165,2064,968994
165,2066,644794
165,2067,226021
165,2068,95750
165,2069,250873
165,2070,212963
165,2071,304557
165,2072,165591
165,2073,190801
166,2074,15618
167,2075,73583
167,2076,79556
167,2077,67514
167,2078,49566
167,2079,89359
167,2081,63361
167,2082,75876
167,2083,29821
167,2084,14109
167,2085,44689
167,2086,59265
167,2087,66967
167,2088,108493
167,2089,79248
167,2090,102372
167,2091,90317
167,2092,99041
167,2093,46300
167,2094,163411
167,2095,1662950
167,2096,59572
167,2097,47039
168,2099,0
168,2101,3751
168,2102,0
168,2103,1424
169,2107,2553928
169,2109,2195235
169,2111,3902271
169,147326,2187743
169,147327,2285240
169,147328,1972653
169,147329,2177519
169,147330,4472122
169,147331,408385
169,147332,13167
169,147334,2891132
169,147335,3804375
169,147336,1681020
169,147337,3200112
169,147338,1858213
170,2112,2206379
170,2113,1537490
170,2114,1506590
170,2115,2373039
170,2116,3361023
170,2118,6041088
170,2119,2173210
170,2120,2342891
170,2121,3541113
170,2122,5799362
170,65246,792
170,900948,2213619
170,900949,1537099
170,900950,1506354
170,900951,2373043
170,900952,2173898
170,900953,1185816
170,900954,6033348
170,900955,2175542
170,900956,2338644
170,900957,3539624
170,900958,5791179
171,2123,1709287
171,2125,489770
171,2126,5646072
171,2127,1797659
171,2128,1491362
171,2129,279702
171,2130,3508238
171,2131,6150727
171,2132,1656399
171,2133,5190848
171,2135,1328637
171,2136,7914096
171,41772,2726134
171,41773,1886870
171,41774,1004778
171,41775,2672162
171,41776,2569344
172,2137,102944
172,2138,206805
172,2139,92017
172,2140,84698
172,2141,239803
172,2142,454656
172,2143,105283
172,2144,260450
172,2145,75826
172,2146,257002
172,2147,192897
172,2148,205542
172,2149,157033
172,900789,206805
172,900790,92028
172,900791,84697
172,900792,153794
172,900793,85894
172,900794,453948
172,900795,105279
172,900796,260740
172,900797,76483
172,900798,256717
172,900799,192897
172,900800,205552
172,900801,157179
172,900802,102944
173,2150,8944
175,2152,16911950
175,2153,10198572
175,2154,4520264
175,2155,3802970
175,2156,5327262
175,900611,8351672
175,900612,8011970
175,900613,10775634
175,900614,2339121
175,900615,5245639
175,900616,1496256
175,900617,4538300
176,2157,233423
177,2158,498950
177,2159,457154
177,2160,654555
177,2161,2097706
177,2162,583525
177,2163,1100597
177,2164,2581649
177,2165,2748551
177,2166,1172022
177,2167,1297860
177,2168,372003
177,2169,3579061
178,2170,264618
179,2171,1451083
179,2172,271086
179,2173,554707
179,2174,42167
179,2175,149209
179,2176,142621
179,2177,151229
179,2178,209183
179,2179,94262
179,2180,113969
179,2181,452850
179,2182,221612
179,2183,483415
179,2184,33173
180,2185,619237
180,2186,449205
180,2187,182147
180,2188,190084
180,2189,612487
180,2190,163762
180,2191,246059
180,2192,166032
180,2193,586131
180,2194,202974
180,2195,173080
180,2196,1614080
180,2197,366661
180,2198,677964
180,2199,289204
180,2200,155328
180,2201,183033
180,900306,632677
180,900307,460954
180,900308,175709
180,900309,194772
180,900310,426515
180,900311,170229
180,900312,250031
180,900313,185332
180,900314,533248
180,900315,386274
180,900316,182001
180,900317,1573883
180,900318,387588
180,900319,643417
180,900320,304456
180,900321,173965
180,900322,180821
180,900323,798
180,900324,8960
180,900325,5839
181,2202,674368
181,2203,904299
181,2204,2591308
181,2205,4626975
181,2206,860146
181,2207,4962566
181,2208,4073952
181,2209,5240045
182,2211,4720506
182,2212,6002878
182,2213,6052565
182,2215,6380416
182,2216,6665573
182,2217,4038308
182,2218,6329250
182,2219,4709544
182,2221,4852673
182,2222,6018503
182,2223,6440410
182,2224,9229149
182,2225,14720211
182,2226,8710396
182,2227,4960011
182,2228,4968103
182,2229,3526921
182,2230,13913346
182,2231,6251004
182,2232,5957684
182,2234,5246210
182,2235,8730682
182,2239,3404102
182,2240,3723164
182,65698,4188430
182,65699,7277541
182,65700,2637165
182,65701,3195131
182,65702,3594953
182,65703,4804191
182,65704,3693908
182,65705,2794109
182,65706,5178734
182,65707,4765661
182,65708,7949246
182,65709,5659268
182,65710,4970598
183,2241,1344
184,2242,1855
185,2243,38076
186,2244,632081
186,2245,115822
186,2246,280853
186,2247,72168
186,2248,198130
186,2249,516076
186,2250,249605
186,2251,135867
186,2252,231587
186,2253,284070
186,2254,189307
186,2255,653077
186,2256,455589
186,2257,319461
186,2258,106303
186,2259,163400
186,2260,160365
186,2261,169466
186,2262,248870
187,2263,645940
187,2264,357374
187,2265,1023650
187,2266,311559
187,2267,154560
187,2268,357281
187,2269,38062
187,2270,824068
187,2271,63841
188,2272,8437124
188,2273,5024530
188,2274,2043437
188,2275,32483002
188,2276,127789936
188,2277,50012388
188,900437,8442613
188,900438,5147824
188,900439,2030453
188,900440,32342482
188,900441,127576128
188,900442,50432956
189,2278,20505
191,2280,171709
191,2281,469563
191,2282,268425
191,2283,282642
191,2284,32787
191,2285,57873
191,2286,114195
191,2287,96859
191,2288,2088117
191,2289,246727
191,93671,12252
191,93672,218534
192,2290,470781
192,2291,774569
192,2292,338071
192,2293,564981
192,2294,629887
192,2295,768226
192,2296,116335
192,2297,682638
192,2298,51380
192,2299,321767
192,2300,809775
192,2301,171699
192,2302,196278
192,2303,245691
192,2304,289923
192,2305,1086696
192,2306,266169
192,2307,247644
192,2308,209114
192,2309,921505
193,73915,117
194,2311,21044
194,2312,886060
194,2313,182729
194,2314,68758
194,2315,578109
194,2316,191284
194,2317,258731
194,2318,2823791
194,2319,255079
194,2320,319692
194,2321,226041
194,2322,625377
194,2323,118591
194,2324,90257
194,2325,258014
194,2326,157266
194,2327,434781
194,900593,20924
194,900594,885884
194,900595,181681
194,900596,536784
194,900597,68812
194,900598,576740
194,900599,191397
194,900600,257743
194,900601,2310570
194,900602,254271
194,900603,308258
194,900604,227398
194,900605,625217
194,900606,120319
194,900607,90724
194,900608,260431
194,900609,143416
194,900610,435037
195,2328,439445
195,2329,1195224
195,2330,436916
195,2331,1589651
195,2332,806608
195,2333,1574890
195,2334,1314741
195,2335,1407077
195,2336,591163
195,2337,918579
195,2338,899251
195,2339,1615716
195,2340,2103919
195,2341,1337472
195,2342,11507831
195,2343,1175803
195,2344,182008
195,2345,203216
195,2346,370094
195,2347,2041497
195,2348,1598051
195,2349,1034584
195,2350,388683
195,2351,257267
195,2352,626386
195,900326,341885
195,900327,1196662
195,900328,437009
195,900329,1589643
195,900330,807165
195,900331,1574480
195,900332,1408860
195,900333,590763
195,900334,918561
195,900335,899203
195,900336,1611489
195,900337,2103833
195,900338,1337455
195,900339,11494791
195,900340,1187872
195,900341,182644
195,900342,203199
195,900343,371133
195,900344,2041249
195,900345,1324950
195,900346,1580947
195,900347,1121233
195,900348,388653
195,900349,257296
195,900350,624741
195,900351,20356
196,2354,2069372
196,2355,13284224
196,2356,5414310
196,2357,3888356
196,2361,6403587
196,2362,7594074
196,2363,7783571
196,2364,4553738
196,2368,2894846
196,67156,2394812
196,67159,3783631
196,67160,5548736
196,67161,5500515
196,67162,4954196
196,67165,11366997
196,67166,15810283
196,67167,3323769
197,2369,74
198,2370,3184339
198,2371,2136265
198,2372,2476170
198,2373,2158316
198,2374,1035919
198,2375,3451207
198,2376,5484502
198,2377,974541
198,2378,2164785
198,2379,1193194
198,2380,2372963
198,2381,4559978
198,2382,1234092
198,2383,1475115
198,2384,3561034
198,2385,1745472
199,2386,696656
199,2387,145632
199,2388,836429
199,2389,127286
199,2390,187375
199,2391,418174
199,2392,162246
199,2393,497095
199,2394,147594
199,2405,477429
199,2406,2335946
199,2407,112670
199,2408,1797644
199,2409,450694
199,2410,888613
199,2411,237696
199,2412,189706
199,2413,373373
199,900693,3708
199,900694,14282
199,900695,12382
199,900696,50152
199,900697,4507
199,900698,5637
199,900699,7225
199,900700,134791
199,900701,418
199,900746,254397
199,900747,4909
200,2414,420943
200,2415,397424
200,2416,845800
200,2417,517637
200,2418,418661
200,2419,333359
200,2420,348431
200,2421,347491
201,2422,1798419
201,2423,16515
201,2424,108359
201,2425,847398
201,2426,702068
201,2427,2744655
201,2428,47700
201,2429,173037
201,2430,246363
202,2431,560923
202,2432,1627128
202,2433,2582544
202,2434,1839294
202,2435,2733372
202,2436,2117536
202,2437,1581253
202,2438,412462
202,2439,16296123
202,2440,2816446
202,2441,4795431
202,2442,2449047
202,2443,8282900
202,2444,2149375
202,2445,726037
203,2446,311572
203,2447,406845
203,2448,572787
203,2449,546869
203,2450,569702
203,2451,258861
203,2452,363166
203,2453,283173
203,2454,503884
203,2455,2256627
203,2456,412061
203,2457,14330736
203,2458,270012
203,2459,666662
203,2460,697108
203,2461,185318
203,2462,497372
203,2463,615757
203,2464,469939
203,2465,1028364
203,2466,305466
203,2467,292744
203,2468,370075
203,2469,512862
203,2470,734351
203,2471,446293
203,2472,255455
203,2473,511837
203,2474,409415
203,2475,401686
203,2476,682430
203,2477,185688
203,2478,327624
203,2479,376427
203,2480,585480
203,2481,355518
203,2482,695699
203,2483,192023
203,2484,357686
203,2485,332921
203,2486,297870
204,2487,461276
204,2488,74759
204,2489,208109
204,2490,2220187
204,2491,751199
204,2492,1054918
204,2493,979642
204,2494,4040329
204,2495,1543975
204,2496,1156564
204,2497,960101
204,2498,1549644
204,2499,3312304
204,2500,974420
204,2501,46163
204,2502,1178063
204,2503,3108279
204,2504,15829
204,2505,372799
204,2506,2137267
204,2507,980308
204,2508,805590
204,2509,909948
204,2510,276324
204,2511,985167
204,2512,261088
204,2513,531435
204,2514,563969
204,2515,2593564
204,2516,1218947
204,2517,521752
204,2518,1601823
204,2519,1161381
204,2520,773639
204,2521,107372
204,2522,16361
204,2523,587545
204,2524,5304553
204,2525,2445941
204,2526,794342
204,2527,1008636
204,2528,283704
204,2529,4437423
204,2530,1128629
204,2531,129426
204,2532,659768
204,2533,809322
204,2534,10889254
204,2535,9808951
204,2536,686571
204,2537,35580
204,2538,40060
204,2539,3029260
204,2540,571127
204,2541,2629372
204,2542,1857244
204,2543,1867747
204,2544,708837
204,2545,1307984
204,2546,2320619
204,2547,1780842
204,2548,580320
204,2549,4125665
204,2550,1077050
204,2551,969603
204,2552,428461
204,2553,3185439
204,2554,2358558
204,2555,2361506
204,2556,665202
204,2557,911002
204,2558,2858877
204,2559,4074293
204,2560,994281
204,2561,3780808
204,2562,198806
204,2563,1050160
204,2564,1400064
204,2565,1288993
204,2566,1407450
204,2567,310645
204,2568,1464366
204,2569,1187562
204,2570,112873
204,2571,1312597
204,2572,2509568
204,2573,1123830
204,2574,2279644
204,2575,550608
204,2576,1214124
204,2577,177090
205,2587,1678618
205,21969,3802753
205,21971,1944491
205,21972,3163773
205,21973,2964457
205,900110,1678618
205,900111,3801277
205,900112,1944491
205,900113,2966698
205,900114,3162960
206,2590,336294
206,2591,612342
207,68772,653
207,68773,2918
207,68774,245
208,2593,2984
208,2594,2702
208,2595,14833
208,2596,3255
208,2597,3442
208,2598,3613
208,2599,4168
208,2600,2526
208,2601,1946
208,2602,1922
208,2603,6386
208,2604,3604
208,2605,2776
208,2606,2329
209,2607,9251
209,2608,19639
209,2609,15934
209,2610,12030
209,2611,12095
209,2612,24916
209,2613,13173
209,2614,14128
209,2615,49388
210,39511,484
210,39512,4590
211,61285,11735
211,61286,27067
211,61287,15496
211,61288,6557
211,61289,37565
211,61290,7242
212,2618,195643
213,2619,31119
214,2620,7864
214,2621,199011
215,2622,2177873
215,2623,470906
215,2624,6007200
215,2625,835262
215,2626,915375
215,2627,1864951
215,2628,2358110
215,2629,9309473
215,2630,625415
215,2631,661279
215,2632,1567057
215,2633,9774916
215,2634,630096
217,1374,189637
217,1376,560619
217,1378,732785
217,2636,3564394
217,2639,1089034
217,2640,836975
217,2643,840673
217,2644,2159998
217,2645,674742
217,47585,1805723
217,47586,870655
217,47587,1083208
217,47588,722509
217,47589,1033504
218,2646,903
220,61135,510
220,61136,3
220,61137,4128
220,61138,3710
220,61139,6749
220,61140,4563
220,61141,3
220,61142,34
220,61143,24
220,61144,6114
220,61145,4446
220,61146,4318
220,61147,2548
220,61148,3555
220,61150,3
220,61153,4832
220,61154,419
220,61155,48
220,61156,17
220,61157,97
220,61159,574
220,61160,5
220,61161,2
220,61163,10
220,61164,3585
220,61165,16
220,61166,13
220,61167,7
220,61168,3275
220,61169,3786
220,61170,3
220,61174,2
220,61178,3319
220,61179,3045
220,61182,2
220,61183,1993
220,61184,962
220,61186,5
220,61187,2
220,61188,5070
220,61189,1
220,61190,1956
220,61191,2
220,61192,3432
220,61193,8591
220,61194,5
220,61196,1535
220,61199,66
220,61200,3974
220,61202,2
220,61203,3
220,61204,506
220,61205,2539
220,61206,35
220,61207,26
221,2654,1490953
221,2655,2347497
221,2656,1579966
221,2657,1322377
221,900443,1490969
221,900444,1123868
221,900445,1157808
221,900446,1579240
221,900447,1376027
222,2658,864476
222,2659,284994
222,2660,275322
222,2661,76222
222,2662,597494
222,2663,562750
222,2664,82559
222,2665,1362315
222,2666,230854
223,2667,663481
223,2668,598349
223,2669,812391
223,2670,680086
223,2671,855682
223,2672,585737
223,2673,549417
223,2674,691109
224,2675,214982
224,2676,115510
224,2677,163082
224,2678,71992
224,2679,54095
224,2680,117528
224,2681,609682
224,2682,340695
224,2683,116856
224,2684,275307
224,2685,71487
224,2686,43115
225,2687,621131
225,901048,34129
225,901049,83061
225,901050,32326
225,901051,26634
225,901052,3563
225,901053,156659
225,901054,140522
225,901055,49450
225,901056,19746
225,901057,71006
226,2688,443336
226,2689,457293
226,2690,570049
226,2691,915520
226,2692,1274247
226,2693,486355
226,2694,485328
226,2695,484721
226,2696,571379
226,2697,1262265
226,2698,350372
226,2699,762966
226,2700,515369
226,2701,184349
226,2702,398792
226,2703,217952
226,2704,596905
226,2705,1039158
227,2706,6879225
227,2707,2824715
227,2708,15705442
227,2709,11000057
227,2710,4820184
227,2711,4124037
227,2712,1372028
227,2714,7338736
227,77312,5845645
229,2716,9236179
229,2717,1486894
229,2718,1081627
229,2719,1353441
229,2720,2338324
229,2721,617057
229,2722,2620826
229,2723,2498414
229,2724,8517981
229,2725,56473
229,2726,5883099
229,2727,1145920
229,2728,2736387
229,2729,7478887
229,2730,86671
229,2731,1739835
229,2732,734495
229,2733,2245291
229,2734,361257
231,2736,2694516
231,2737,1627248
231,2738,1392458
231,2739,2535496
231,2740,972551
231,2741,2038398
231,2742,2576782
231,2743,1337916
231,2744,6131115
233,2771,13804
233,2772,42815
233,2773,18839
233,2774,20130
233,2775,30277
233,2776,40522
233,2777,222504
233,2778,19457
233,2779,40910
233,2780,170123
234,2781,3060
235,2782,311560
235,2783,223584
235,2784,364208
235,2785,196711
235,900889,309578
235,900890,216295
235,900891,356749
235,900892,213441
236,2786,142122
236,2787,281005
236,2788,273904
236,2789,53073
236,2790,305037
236,2791,126622
236,2792,329673
236,2793,222815
236,2794,198038
236,2795,237566
236,2796,294481
236,2797,452573
236,2798,1373278
236,2799,282352
236,2800,2338700
236,2801,364772
236,2802,275309
236,2803,260946
236,2804,237158
236,2805,276066
236,2806,1660737
237,2807,678483
237,2808,61416
237,2809,17142
237,2810,277150
237,2811,181233
237,2812,1042788
237,2813,330426
237,2814,480398
237,2815,41311
237,2816,212636
237,2817,77989
237,2818,413552
237,2819,179548
237,2820,46614
237,2821,38410
237,2822,523933
237,2823,77520
237,2824,178862
237,2825,270283
237,2826,279402
237,2827,347439
237,2828,35979
237,2829,365017
237,2830,846595
237,2831,115111
237,2832,1582063
238,2833,158768
238,2834,6147426
238,2835,491237
238,2836,1724533
238,2837,4084149
238,2838,1331481
238,2839,1660002
238,2840,1923430
238,2841,1868970
238,2842,2256498
238,2843,1890747
238,2844,1112788
238,2845,1207755
238,2846,902038
238,900218,1886976
238,900219,6192280
238,900220,1183939
238,900221,458678
238,900222,2086260
238,900223,1345374
238,900224,1597199
238,900225,2005366
238,900226,2227411
238,900227,1888516
238,900228,1179213
238,900229,185398
238,900230,3739261
238,900231,925288
239,2847,214377
239,2848,3353981
239,2849,2693636
239,2850,3120327
239,900725,3030778
239,900726,212888
239,900727,3507002
239,900728,2622910
240,2851,225000
240,2852,241769
240,2853,10736320
240,2854,1085560
240,2855,839071
240,2856,261849
240,2857,854760
240,2858,499133
240,2859,2018603
240,2860,1215623
240,2861,2295465
240,2862,476991
240,2863,740465
240,2864,942061
240,2865,904871
240,2866,1746761
240,2867,374139
240,2868,689133
240,2869,430238
240,2870,501040
240,2871,803824
240,2872,211076
240,2873,722163
240,2874,413626
240,2875,260270
240,2876,1118299
240,2877,498848
240,2878,2465562
240,2879,903396
240,2880,1434398
240,2881,473518
240,2882,674310
240,2883,484325
240,2884,775850
240,2885,2286271
240,2886,2585951
240,2887,621689
240,2888,700872
240,2889,278692
240,2890,466728
240,2891,347261
240,2892,914678
240,2893,517134
240,2894,521292
240,2895,1048524
240,2896,787710
240,2897,511157
240,2898,1006656
240,2899,473889
240,2900,387634
240,2901,807381
240,2902,1276662
240,2903,940345
240,2904,665546
240,2905,849214
240,2906,3167703
240,2907,1691852
240,2908,163524
240,2909,901241
240,2910,300394
240,2911,921180
240,2912,148630
240,2913,1729540
240,2914,665259
240,2915,822671
240,2916,1182497
240,2917,959975
240,2918,574847
240,2919,274903
240,2920,596449
240,2921,1797516
240,2922,1125714
240,2923,292990
240,2924,419995
240,2925,448639
240,2926,422501
241,2927,19173
241,2928,104550
241,2929,39362
241,2930,20852
241,2931,17945
241,2932,9523
241,2933,35372
241,2934,144245
241,2935,44168
241,2936,61402
241,2937,52562
241,2938,10425
241,2939,22871
241,2940,10543
241,2941,127302
241,2942,26449
241,2943,57033
241,2944,92546
241,2945,14872
241,2946,34267
241,2947,17147
241,2948,620748
241,2949,51927
241,2950,68963
241,2951,90621
241,2952,27803
241,2953,200241
241,2954,18582
241,2955,69556
241,2956,19169
242,2957,75380
242,2958,66674
242,2959,131267
242,2960,108523
242,2961,73352
242,2962,373990
242,2963,146858
242,2964,67541
242,2965,79978
242,2966,57587
242,2967,54768
242,2968,77275
242,2969,85038
243,2970,856597
243,2971,947859
243,2972,3763904
243,2973,1805151
243,2974,1205850
244,2975,269
245,2976,93606
245,901043,75282
245,901044,8599
245,901045,3931
245,901046,4766
245,901047,3060
246,2977,33960
246,2978,99956
246,2979,188878
246,2980,98792
246,2981,97101
246,2982,22037
246,2983,25907
246,2984,105371
246,2985,38541
246,2986,45749
246,2987,145595
246,2988,83054
246,2989,88723
246,2990,62720
246,2991,225068
248,2993,807822
248,2994,651605
248,2995,611920
248,2996,295392
248,2997,394370
248,2998,346668
248,2999,409728
248,3000,575638
248,3001,457198
248,3002,169705
248,3003,245601
248,3004,422220
248,3005,481426
248,3006,591739
248,3007,500747
248,3008,853691
248,3009,1005064
248,3010,451570
248,3011,213272
248,3012,766022
248,3013,158256
248,3014,111109
248,3015,952921
248,3016,191858
249,3017,1677556
249,3018,568721
249,3019,640740
249,3020,591743
249,3021,358806
249,3022,298611
249,3023,5965401
249,3024,2044705
249,3025,90473
249,3026,136074
249,3027,984812
249,3028,1215652
249,3029,156720
249,3030,608562
249,3031,60123
249,3032,265370
249,3033,264299
249,3034,270346
249,3035,685949
249,3036,271833
249,3037,3281792
249,3038,545814
249,3039,127554
249,3040,517622
249,3041,1106949
249,3042,1664312
249,3043,383654
249,3044,575242
249,3045,165526
249,3046,617748
249,3047,747476
249,3048,2173225
249,3049,385588
249,3050,106338
249,3051,309645
249,3052,1710205
249,3053,1750276
249,3054,192702
249,3055,480687
249,3056,15305372
249,3057,4202959
249,3058,1238846
249,3059,258332
249,3060,255676
249,3061,269278
249,3062,351440
249,3063,1562945
249,3064,131641
249,3065,244994
249,3066,338033
249,3067,192332
249,3068,1433658
249,3069,2116548
249,3070,593845
249,3071,688447
249,3072,1570367
249,3073,706153
249,3074,900592
249,3075,383920
249,3076,304420
249,3077,325125
249,3078,612264
249,3079,506899
249,3080,295465
249,3081,972097
249,3082,1322517
249,3083,1956183
249,3084,383685
249,3085,182626
249,3086,554054
249,3087,622941
249,3088,979490
249,3089,499989
249,3090,618508
249,3091,70616
249,3092,376570
249,3093,1230793
249,3094,279872
249,3095,370158
249,3096,645984
249,900071,296861
249,900072,389088
250,3097,1963327
250,3098,728
250,3099,2169268
250,3100,2017170
250,147322,824158
250,147323,2904355
251,39497,5031
251,39498,43
251,39499,880
251,39500,34129
251,39501,85
251,39502,861
252,3103,6930
253,743,145949
253,744,147579
253,745,223554
253,747,256390
253,749,495456
253,750,155774
253,752,235765
253,753,147660
253,756,412160
253,757,107624
253,759,196236
253,762,226741
253,764,296499
253,766,115981
253,767,162708
253,768,275965
253,774,312500
253,775,180324
253,777,167461
253,778,142684
253,779,80555
253,780,214104
253,781,132758
253,782,450128
253,784,143242
253,787,285685
253,788,242114
253,789,213292
253,790,251349
253,852,259619
253,1080,261344
253,1082,130395
253,1086,176736
253,1235,254018
253,1241,319709
253,1344,284595
253,1360,197705
253,1361,442218
253,1364,245616
253,1365,361001
253,1366,292916
253,1368,271546
253,1372,112679
253,3104,245583
253,3105,458139
253,3107,471145
253,3108,256158
253,3109,258875
253,3110,448997
253,3111,538745
253,3112,735949
253,3114,521375
253,3115,581048
253,3117,66740
253,3121,802497
253,3123,1092624
253,3124,174263
253,3125,292376
253,3128,306218
253,3131,341422
253,3136,115968
253,3140,468717
253,3141,564625
253,3142,473358
253,3143,590661
253,3145,296992
253,42179,599294
253,42180,541874
253,42181,277851
253,42182,1703930
253,42183,524150
253,42184,276508
253,42185,412050
253,42186,218644
253,42187,532583
253,42188,350438
253,42189,581324
253,42191,121112
253,42192,298248
253,42193,744533
253,42194,224237
253,42195,216672
253,42196,203079
253,42197,343609
253,42198,278721
253,42199,367888
253,42200,2955566
253,42201,669784
253,47067,181993
253,47068,330964
253,47069,936301
253,47070,122446
253,47071,306527
253,47072,277834
253,47073,622070
253,47074,153358
253,47075,288617
253,47076,561473
253,47077,120067
253,47078,197180
253,47079,415296
253,47080,256555
253,47081,215389
253,47082,473914
253,47083,527146
253,47084,419549
253,47085,596124
253,47086,527431
253,47087,365293
253,47088,877806
253,47089,235479
253,47090,625858
254,3148,1201471
254,3149,997205
254,3150,888612
254,3151,3165377
254,3152,4104172
254,3153,1360047
254,3154,2643945
254,3155,1036749
254,3156,1240215
254,3157,913675
254,3158,2268457
254,3159,4554350
254,3160,2466961
254,3161,2092817
254,3162,1123834
254,3163,2296586
254,3164,1360709
254,3165,1160145
254,3166,1070249
254,3167,1041478
254,3168,1540284
254,3169,1018949
254,3170,1237725
254,3171,1709692
254,3172,1212219
254,901189,5891
254,901190,1921248
254,901191,1197633
254,901192,996486
254,901193,889433
254,901194,3163548
254,901195,4107529
254,901196,1371254
254,901197,2629966
254,901198,1042443
254,901199,1245768
254,901200,920244
254,901201,1849108
254,901202,2711463
254,901203,2091675
254,901204,2471192
254,901205,1125754
254,901206,2301162
254,901207,1363979
254,901208,1143768
254,901209,354847
254,901210,1062168
254,901211,1031077
254,901212,1538739
254,901213,1022591
254,901214,1242962
254,901215,1705221
254,901216,1204859
255,3173,2543787
255,3174,378633
255,3176,259882
255,3177,3385713
255,3179,356428
255,3180,1915638
255,3181,80135
256,3182,56326596
256,3183,1935034
256,3184,5400544
256,3186,3164106
257,48357,2118226
257,48358,6797387
257,48359,2462155
257,48360,1042202
257,48361,2879419
257,48362,2584598
257,48363,1878805
257,48364,918929
257,48365,1847542
257,48366,2113585
257,48367,3382174
257,48368,2686667
257,48369,1378781
257,48370,3392117
257,48371,214217
257,48372,234271
257,48373,1323554
257,48374,1303382
257,48375,1635583
257,48376,1814837
257,48377,1657386
257,48378,199868
257,48379,133404
257,48380,2923197
257,48381,2438957
257,48382,791970
257,115002,2500254
257,115005,730545
257,115007,748775
257,115010,2067893
257,901091,2120710
257,901092,308
257,901093,6775538
257,901094,2462155
257,901095,1042202
257,901096,2860147
257,901097,135737
257,901098,2575669
257,901099,10059
257,901100,1883886
257,901101,925783
257,901102,1847382
257,901103,161
257,901104,2085001
257,901105,3382089
257,901106,652
257,901107,2686667
257,901108,1385551
257,901109,3320529
257,901110,219376
257,901111,234261
257,901112,1340070
257,901113,1301178
257,901114,1634257
257,901115,1508
257,901116,1814837
257,901117,1657386
257,901118,201495
257,901119,133791
257,901120,2923197
257,901121,2454083
257,901122,792735
257,901123,2487538
257,901124,730236
257,901125,748581
257,901126,2066160
258,39508,45981
258,39509,3243
258,39510,44547
259,3214,5191865
259,3215,620886
259,3216,8112810
259,3217,3239515
259,3218,41256584
259,3219,5962775
259,3220,3720350
259,3221,1030815
259,3222,629736
259,3223,22065414
259,3224,11700530
259,3225,1496350
259,3226,1925299
259,3227,13424962
259,3228,6976236
259,3229,3201752
259,3230,3050434
259,3231,4700656
259,3232,4711725
259,3233,1368284
259,3234,6263914
259,3235,6684780
259,3236,9850076
259,3237,5774067
259,3238,3146735
259,3239,6471185
259,3240,1094977
259,3241,1967141
259,3242,3679318
259,3243,1402466
259,3244,9112832
259,3245,2366893
259,3246,19519200
259,3247,11423758
259,3248,711997
259,3249,11793917
259,3250,4101661
259,3251,4298142
259,3252,13191632
259,3253,1038265
259,3254,5382778
259,3255,898333
259,3256,7145182
259,3257,30903234
259,3258,3454359
259,3259,639630
259,3260,9184652
259,3261,7628863
259,3262,1924865
259,3263,6037723
259,3264,648637
260,3265,67258
260,3266,483578
260,3267,82955
260,3268,133971
260,3269,63365
260,3270,24508
260,3271,68932
260,3272,56947
260,3273,201483
260,3274,1395217
260,3275,113578
260,3276,57409
260,3277,94333
260,3278,64288
260,3279,127397
260,3280,115646
260,3281,75712
260,3282,77196
260,3283,46842
261,3284,3175498
261,3285,1958035
261,3286,3769986
261,3287,2226075
261,3288,3175019
261,3289,1374363
261,3291,2786875
261,3292,3658928
261,3293,2578470
261,3294,757255
261,3295,4470132
261,39696,1520000
261,39697,1273923
261,39698,960510
262,3296,36647
262,3297,34186
262,3298,57097
262,3299,109625
262,3300,35487
262,3301,10145
263,3302,191411
263,3303,1752298
263,3304,548448
263,3305,1758434
263,3306,1042759
263,3307,1607595
263,3308,2722530
263,3309,412969
263,3310,437090
263,3311,160
263,3313,1046904
263,3314,876221
263,3315,2003319
263,3316,949339
263,3317,3070577
263,3318,1128056
263,3319,584655
263,3320,1039808
263,3321,1003913
263,3322,1368478
263,3323,768622
263,3324,711988
263,3325,4505731
263,67152,443832
263,67153,1993767
263,900864,1667
263,900865,181170
263,900866,1735711
263,900867,548293
263,900868,1896913
263,900869,1040127
263,900870,1732274
263,900871,2605572
263,900872,385474
263,900873,417030
263,900874,1795086
263,900875,1089785
263,900876,850651
263,900877,2037683
263,900878,890922
263,900879,3151965
263,900880,1078060
263,900881,584815
263,900882,880827
263,900883,1003967
263,900884,1313689
263,900885,791773
263,900886,620081
263,900887,771013
263,900888,4572638
264,3326,2248205
264,3327,1253461
264,3328,317682
264,3329,1627390
264,3330,1017464
264,3331,1115602
264,3332,1205117
264,3333,1496438
264,3334,3286866
264,3335,1195930
264,3336,1281172
264,3337,1406332
264,3338,525601
264,3339,1306021
264,3340,1130715
264,3341,2104479
264,3342,3183986
264,3343,1783864
264,3344,1656266
264,3345,881501
264,3346,774598
264,3347,4728633
264,3348,3429768
264,3349,1180039
264,3350,1763585
264,3351,2016754
264,3352,10529452
264,3353,848494
264,3354,1198252
264,3355,1211225
264,3356,1817297
264,3357,671850
264,3358,711529
264,3359,1436867
264,3360,769957
264,3361,641627
264,3362,1611051
264,3364,1710725
264,3366,2959568
264,3367,910296
264,3368,637414
264,3369,630956
264,3370,946227
264,3371,895542
264,3372,1467530
264,3374,1230812
264,3375,1201171
264,3376,629941
264,3377,1436239
264,3378,1338925
264,3379,1184688
264,3380,1741240
264,3381,1218435
264,3382,3290658
264,3383,1110539
264,3384,1749220
264,3386,1042075
264,3387,786187
264,3388,1040338
264,3389,1155985
264,3390,813442
264,73935,746609
264,73936,625168
264,73937,758130
266,3392,9145
268,3405,129020
268,3406,343550
269,3407,681492
269,3408,730999
269,3409,904615
269,3410,886361
269,3411,3252374
269,3412,672230
269,3413,140873
269,3414,764046
269,3415,1362579
269,3416,2041192
269,3417,1621133
269,3418,2276157
269,3419,3251632
269,3420,1131682
269,3421,369711
269,3422,1062154
269,3423,1515061
269,3424,725795
269,3425,3677933
269,144969,2484321
269,144971,605513
269,900100,1546533
269,900101,68506
270,3426,1865425
270,3427,2563662
270,3428,2350251
270,3429,1646831
270,3430,3433613
270,3431,1062814
270,3432,2502844
270,3433,2172996
270,3434,1105713
270,900844,2353527
270,900845,2543962
270,900846,2192417
270,900847,1700751
270,900848,3145909
270,900849,1024729
270,900850,1097024
270,900851,1577608
270,900852,1971047
270,900853,1097174
271,3435,614966
271,3436,2225199
271,3437,1914223
271,3438,1292657
271,3439,1647866
271,3440,1774241
271,3441,1634994
271,3442,804416
271,3443,707490
271,3444,1740232
271,900969,596908
271,900970,2207247
271,900971,1914312
271,900972,1295233
271,900973,1663327
271,900974,1772553
271,900975,1634180
271,900976,823341
271,900977,707569
271,900978,1741996
272,900448,4821404
272,900449,4815640
272,900450,14223611
272,900451,1861847
272,900452,3838147
272,900453,10583504
272,900454,1281873
272,900455,3983771
272,900456,52787976
272,900457,33750228
272,900458,40196216
272,900459,5250259
272,900460,4488419
272,900461,2791372
272,900462,4298422
272,900463,863461
272,900464,1642937
272,900465,2569684
272,900466,8761476
272,900467,2073768
272,900468,1593433
272,900469,5189439
272,900470,5692876
272,900471,6727432
272,900472,1471021
272,900473,8257070
272,900474,1708740
272,900475,9173308
272,900476,3325101
272,900477,3028146
272,900478,2788770
272,900479,5562879
272,900480,8144866
272,900481,14643092
273,901127,5698834
273,901128,2745433
273,901129,1886719
273,901130,482329
273,901131,1805449
273,901132,283781
273,901133,1478011
273,901134,3510242
273,901135,5682088
273,901136,1716794
273,901137,465523
273,901138,1757553
273,901139,5175998
273,901140,959790
273,901141,2703580
273,901142,2588819
273,901143,1342827
273,901144,8097011
274,900979,210243
274,900980,137938
274,900981,312374
274,900982,344850
274,900983,318476
274,900984,220945
274,900985,693665
274,900986,660009
274,900987,465848
274,900988,588065
274,900989,742780
274,900990,752347
274,900991,621040
274,900992,527929
274,900993,271678
274,900994,52667
274,900995,201981
274,900996,315771
274,900997,300997
274,900998,293543
274,900999,595309
274,901000,569125
275,900566,5408557
275,900567,5619389
275,900568,5613278
275,900569,4923109
275,900570,3903285
275,900571,11902244
275,900572,16135074
275,900573,3341951
275,900574,6401025
275,900575,7733827
275,900576,7954864
275,900577,4556300
275,900578,3855502
275,900579,2352652
275,900580,2037931
275,900581,2904155
275,900582,12630167
276,900583,402501
276,900584,31943
276,900585,128096
276,900586,339982
277,900587,36823
277,900588,33804
277,900589,35154
277,900590,111060
277,900591,57030
277,900592,10193
278,900729,1142167
278,900730,189678
278,900731,836208
278,900732,715490
278,900733,845617
278,900734,2157667
278,900735,673444
278,900736,1036923
278,900737,3550802
278,900738,887575
278,900739,1800081
278,900740,706238
278,900741,1121055
278,900742,561292
999,900007,322219
999,900008,702938
999,900009,423665
999,900010,373903
999,900011,288999
999,900012,675388
999,900013,221336
999,900014,384642
999,900015,399592
999,900016,369495
999,900017,388374
999,900018,132389
999,900019,531187
999,900020,132381
999,900021,234020
999,900022,168769
999,900023,133223
999,900024,2298
1011,900065,3635559
1011,900066,2114818
2647,25350,6575
2647,25351,51821
2647,25352,30965
2647,25353,33014
2647,25354,10820
2647,25355,25435
2647,25356,24389
2647,25357,17361
2647,25358,10038
2647,25359,24292
2647,25360,6505
2647,25361,67997
2647,25362,19065
2647,25363,21755
2647,25364,2607
2647,25365,203727
2647,25366,21495
2647,25367,1859
2647,25368,15271
2647,25369,16988
2647,25370,3840
2648,25371,107019
2648,25372,169793
2648,25373,1751545
2648,25374,195798
2648,25375,650380
2648,25376,263554
2648,25377,164817
2648,25378,808818
2648,25379,255810
2648,25380,194253
2648,25381,269015
2648,25382,203385
2648,25383,374208
2648,25384,128745
2648,25385,392311
2648,25386,81224
2648,25387,187934
2648,25388,203338
2648,25389,442666
2648,25390,227347
2648,25391,328244
2648,25392,174295
2648,25393,130131
2648,25394,168806
2648,25395,294617
2648,25396,290429
2648,25397,91957
2648,25398,104328
2648,25399,161944
2648,25400,265341
33364,910,6473819
40760,40776,13075
40762,40777,6347
40763,900744,19916
40763,900745,17945
40764,2745,4447847
40764,2749,1225169
40764,2752,2420762
40764,2753,7276568
40764,2755,897832
40764,2756,2833342
40764,2757,3422315
40764,2758,1526465
40764,2761,1488753
40764,2762,1615072
40764,2763,876947
40764,2764,4641505
40764,2767,1697752
40764,2769,747983
40764,2770,2270283
40764,40772,2459995
40764,899977,539914
40764,899978,2199179
40764,900115,1225190
40764,900116,539919
40764,900117,2203285
40764,900118,1524586
40764,900119,2420095
40764,900120,7275686
40764,900121,1488938
40764,900122,3422378
40764,900123,2834384
40764,900124,897855
40764,900125,2457168
40764,900126,1616303
40764,900127,4640930
40764,900128,875850
40764,900129,747883
40764,900130,1693540
40764,900131,2270352
40764,900132,4449172
40765,1158,345339
40765,1159,6225901
40765,1160,6410425
40765,1161,3462443
40765,1162,5075627
40765,1163,4944628
40765,1164,9672744
40765,1165,4249546
40765,1166,5528551
40765,1167,8535794
40765,1168,5549157
40765,1169,241079
40765,1170,1267138
40765,1171,665981
40765,1172,7027654
40765,1173,1528554
40765,1174,4561194
40765,1175,3072110
40765,1176,702460
40765,1177,1427901
40765,1178,170555
40765,1179,3408728
40765,1180,494205
40765,1181,2624456
40765,1182,469470
40765,1183,4909534
40765,61524,3215795
40765,900913,8564020
40765,900914,4958331
40765,900915,689920
40765,900916,653423
40765,900917,1442489
40765,900918,6476197
40765,900919,6975891
40765,900920,5579485
40765,900921,3433864
40765,900922,4991226
40765,900923,4241538
40765,900924,6183436
40765,900925,1346752
40765,900926,9632177
40765,900927,3102898
40765,900928,3425665
40765,900929,5493424
40765,900930,4608131
40765,900931,4904986
40765,900932,2137441
40765,900933,1527507
40765,900934,3695964
40765,900935,345794
40765,900936,240320
40765,900937,511991
40765,900938,468212
40765,900939,167745
40781,40408,3723843
40781,40409,1151814
40781,40422,153070
40781,40423,157422
40781,40424,1758610
40781,40425,1758620
40781,40426,630329
40781,40427,1019884
40781,40428,595960
40781,40429,2105058
40781,40430,681130
40781,40431,6356669
40781,900806,1151814
40781,900807,3723843
40781,900808,153070
40781,900809,157422
40781,900810,1758610
40781,900811,1758620
40781,900812,630329
40781,900813,1019884
40781,900814,595960
40781,900815,2105058
40781,900816,681130
40781,900817,6356669
61013,61033,33753
70001,0,0
70001,900893,1891413
70001,900894,6234771
70001,900895,2081572
70001,900896,900075
70001,900897,705925
70001,900898,969254
70001,900899,1526659
70001,900900,1082515
70001,900901,473114
70001,900902,956038
74578,2395,3708
74578,2397,4507
74578,2398,5637
74578,2399,7225
74578,2400,134791
74578,2401,418
74578,2402,14282
74578,2403,12382
74578,2404,50152
147296,925,23760158
147297,900195,8504
147297,900196,5610
147297,900197,21147
147297,900198,6717
147297,900199,5541
147297,900200,1429
147297,900201,1829
147297,900202,6894
147297,900203,10959
147297,900204,1432
147299,900232,751152
147299,900233,425451
147299,900234,406299
147299,900235,1997437
147299,900236,842003
147299,900237,520796
147299,900238,1041307
147299,900239,77645
147299,900240,372311
147299,900241,536313
147299,900242,709300
147299,900243,392039
147299,900244,712277
147299,900245,463862
147299,900246,1052110
147299,900247,761003
